asset,physical_start,physical_end_inclusive,bytes
enemy-5-0.bin,0x000000,0x03FFFF,262144
enemy-5-1.bin,0x040000,0x07FFFF,262144
rules-5-page-13.bin,0x090000,0x09FFFF,65536
rules-0-page-1.bin,0x0A0000,0x0AFFFF,65536
rules-0-page-2.bin,0x0B0000,0x0BFFFF,65536
enemy-5-2.bin,0x0C0000,0x0FFFFF,262144
rules-7-page-14.bin,0x100000,0x10FFFF,65536
rules-1-page-0.bin,0x120000,0x12FFFF,65536
rules-1-page-1.bin,0x130000,0x13FFFF,65536
enemy-5-3.bin,0x140000,0x17FFFF,262144
rules-1-page-2.bin,0x180000,0x18FFFF,65536
rules-2-page-0.bin,0x190000,0x19FFFF,65536
rules-2-page-1.bin,0x1A0000,0x1AFFFF,65536
enemy-5-4.bin,0x1C0000,0x1FFFFF,262144
rules-2-page-2.bin,0x210000,0x21FFFF,65536
rules-3-page-0.bin,0x220000,0x22FFFF,65536
rules-3-page-1.bin,0x230000,0x23FFFF,65536
enemy-5-5.bin,0x240000,0x27FFFF,262144
enemy-5-6.bin,0x280000,0x2BFFFF,262144
rules-3-page-2.bin,0x2C0000,0x2CFFFF,65536
rules-4-page-0.bin,0x2D0000,0x2DFFFF,65536
rules-4-page-1.bin,0x2F0000,0x2FFFFF,65536
enemy-5-7.bin,0x300000,0x33FFFF,262144
enemy-6-0.bin,0x340000,0x37FFFF,262144
enemy-6-1.bin,0x380000,0x3BFFFF,262144
enemy-6-2.bin,0x3C0000,0x3FFFFF,262144
rules-4-page-2.bin,0x450000,0x45FFFF,65536
rules-4-page-3.bin,0x460000,0x46FFFF,65536
rules-4-page-4.bin,0x470000,0x47FFFF,65536
rules-5-page-0.bin,0x480000,0x48FFFF,65536
rules-5-page-1.bin,0x490000,0x49FFFF,65536
rules-5-page-2.bin,0x4A0000,0x4AFFFF,65536
rules-5-page-3.bin,0x4B0000,0x4BFFFF,65536
shell-6.bin,0x4C0000,0x4FFFFF,262144
rules-7-page-0.bin,0x500000,0x50FFFF,65536
rules-7-page-1.bin,0x510000,0x51FFFF,65536
rules-7-page-2.bin,0x520000,0x52FFFF,65536
rules-7-page-3.bin,0x530000,0x53FFFF,65536
rules-7-page-4.bin,0x540000,0x54FFFF,65536
rules-7-page-5.bin,0x550000,0x55FFFF,65536
rules-7-page-6.bin,0x560000,0x56FFFF,65536
rules-7-page-7.bin,0x570000,0x57FFFF,65536
rules-7-page-8.bin,0x580000,0x58FFFF,65536
rules-7-page-9.bin,0x590000,0x59FFFF,65536
rules-7-page-10.bin,0x5A0000,0x5AFFFF,65536
rules-7-page-11.bin,0x5B0000,0x5BFFFF,65536
rules-7-page-12.bin,0x5C0000,0x5CFFFF,65536
rules-7-page-13.bin,0x5D0000,0x5DFFFF,65536
rules-5-page-4.bin,0x5E0000,0x5EFFFF,65536
enemy-6-3.bin,0x600000,0x63FFFF,262144
enemy-6-4.bin,0x640000,0x67FFFF,262144
enemy-6-5.bin,0x680000,0x6BFFFF,262144
enemy-6-6.bin,0x6C0000,0x6FFFFF,262144
enemy-6-7.bin,0x700000,0x73FFFF,262144
enemy-7-0.bin,0x740000,0x77FFFF,262144
enemy-7-1.bin,0x780000,0x7BFFFF,262144
enemy-7-2.bin,0x7C0000,0x7FFFFF,262144
rules-0-page-0.bin,0x800000,0x80FFFF,65536
rules-6-page-1.bin,0x810000,0x81FFFF,65536
rules-0-page-3.bin,0x830000,0x83FFFF,65536
enemy-0-1.bin,0x840000,0x87FFFF,262144
enemy-1-0.bin,0x880000,0x8BFFFF,262144
enemy-1-1.bin,0x8C0000,0x8FFFFF,262144
enemy-2-0.bin,0x900000,0x93FFFF,262144
shell-7.bin,0x940000,0x97FFFF,262144
enemy-2-1.bin,0x980000,0x9BFFFF,262144
enemy-3-0.bin,0x9C0000,0x9FFFFF,262144
enemy-3-1.bin,0xA00000,0xA3FFFF,262144
enemy-4-0.bin,0xA40000,0xA7FFFF,262144
enemy-4-1.bin,0xA80000,0xABFFFF,262144
rules-5-page-12.bin,0xAC0000,0xACFFFF,65536
rules-5-page-5.bin,0xAE0000,0xAEFFFF,65536
rules-5-page-6.bin,0xAF0000,0xAFFFFF,65536
rules-6-page-0.bin,0xB00000,0xB0FFFF,65536
rules-6-page-2.bin,0xB20000,0xB2FFFF,65536
rules-6-page-3.bin,0xB30000,0xB3FFFF,65536
rules-6-page-4.bin,0xB40000,0xB4FFFF,65536
rules-6-page-5.bin,0xB50000,0xB5FFFF,65536
rules-6-page-6.bin,0xB60000,0xB6FFFF,65536
rules-6-page-7.bin,0xB70000,0xB7FFFF,65536
rules-6-page-8.bin,0xB80000,0xB8FFFF,65536
rules-6-page-9.bin,0xB90000,0xB9FFFF,65536
rules-6-page-10.bin,0xBA0000,0xBAFFFF,65536
rules-6-page-11.bin,0xBB0000,0xBBFFFF,65536
rules-6-page-12.bin,0xBC0000,0xBCFFFF,65536
rules-6-page-13.bin,0xBD0000,0xBDFFFF,65536
rules-5-page-7.bin,0xBE0000,0xBEFFFF,65536
rules-5-page-8.bin,0xBF0000,0xBFFFFF,65536
graphics.bin,0xC00000,0xE000FF,2097408
rules-5-page-9.bin,0xE10000,0xE1FFFF,65536
rules-5-page-10.bin,0xE20000,0xE2FFFF,65536
rules-5-page-11.bin,0xE30000,0xE3FFFF,65536
enemy-7-3.bin,0xE40000,0xE7FFFF,262144
enemy-7-4.bin,0xE80000,0xEBFFFF,262144
enemy-7-5.bin,0xEC0000,0xEFFFFF,262144
enemy-7-6.bin,0xF00000,0xF3FFFF,262144
enemy-7-7.bin,0xF40000,0xF7FFFF,262144
enemy-0-0.bin,0xF80000,0xFBFFFF,262144
